file_path,function_name,line_number,issue_category,severity,comment,suggested_fix,vulnerable_snippet,impact,confidence_score,needs_verification
records.py,isexception,14,Maintainability,Medium,"The function `isexception` uses `isclass` and `issubclass` without importing them, which can lead to a NameError if they are not defined elsewhere. This reduces maintainability as it relies on external context.","Ensure to import `isclass` and `issubclass` at the top of the file, or define them if they are custom functions.","if isclass(obj) and issubclass(obj, Exception):","The function may fail at runtime if `isclass` and `issubclass` are not defined, leading to potential application crashes.",90,False
records.py,Record.__getitem__,66,Bug,Medium,"The `__getitem__` method does not handle the case where `key` is a slice properly. It should return a new `RecordCollection` containing the sliced records instead of trying to access `_all_rows` directly, which may not support slicing.",Implement proper handling of slice objects in `__getitem__` to return a new `RecordCollection` with the sliced records.,rows = self._all_rows[key],"Attempting to slice the `RecordCollection` may raise an error or return incorrect results, leading to unexpected behavior in the application.",85,False
records.py,RecordCollection.query,275,Security,Medium,"The `query` method directly executes SQL queries without sanitization, which can lead to SQL injection vulnerabilities if user input is not properly handled.",Ensure that all parameters passed to the query are sanitized and use parameterized queries to prevent SQL injection attacks.,"return conn.query(query, fetchall, **params)",An attacker could manipulate the SQL query to gain unauthorized access to the database or execute arbitrary SQL commands.,85,False
records.py,Connection.query,356,Security,Medium,"The `query` method uses `text(query).bindparams(**params)` without validating or sanitizing the `query` string, which can lead to SQL injection vulnerabilities.",Use parameterized queries and validate the `query` string to ensure it does not contain malicious content before execution.,cursor = self._conn.execute(text(query).bindparams(**params)),An attacker could manipulate the SQL query to gain unauthorized access to the database or execute arbitrary SQL commands.,85,False
records.py,Connection.query_file,396,Bug,Medium,"The method `query_file` does not handle exceptions that may arise from reading the file, such as `IOError` when the file is not readable or accessible, which can lead to unhandled exceptions in the application.",Wrap the file reading operation in a try-except block to handle potential IO errors gracefully and provide meaningful feedback.,with open(path) as f:,"If the file cannot be read, the application may crash or behave unexpectedly, leading to a poor user experience.",80,False
records.py,Connection.bulk_query_file,426,Bug,Medium,"Similar to `query_file`, the `bulk_query_file` method does not handle exceptions that may arise from file operations, which can lead to unhandled exceptions in the application.",Wrap the file reading operation in a try-except block to handle potential IO errors gracefully and provide meaningful feedback.,with open(path) as f:,"If the file cannot be read, the application may crash or behave unexpectedly, leading to a poor user experience.",80,False
records.py,_reduce_datetimes,449,Performance,Medium,The conversion of datetimes to strings in a loop can be inefficient if the row contains many elements. This could lead to performance issues when processing large datasets.,"Consider using a list comprehension to convert the datetimes to strings in a single line: `row = tuple(element.isoformat() if hasattr(element, 'isoformat') else element for element in row)`.","for i, element in enumerate(row):
        if hasattr(element, ""isoformat""):
            row[i] = element.isoformat()","The application may experience slowdowns when processing large datasets, leading to poor user experience.",85,False
records.py,cli,460,Security,High,"The command-line interface does not sanitize inputs, which could lead to command injection vulnerabilities if user input is directly executed or used in a query without proper validation.",Implement input validation and sanitization for the `query` and `params` to ensure they do not contain malicious content. Consider using parameterized queries to prevent SQL injection.,"query = arguments[""<query>""]
params = arguments[""<params>""]","An attacker could manipulate the SQL query to execute arbitrary commands on the database, potentially leading to data breaches or data loss.",75,True
records.py,print_bytes,553,Maintainability,Medium,The function attempts to handle both byte and string outputs but does so in a way that could lead to confusion or errors if the output type is not as expected.,"Consider explicitly checking the type of `content` before writing to stdout, and raise an error if the type is unsupported, to improve clarity and maintainability.","try:
        stdout.buffer.write(content)
    except AttributeError:
        stdout.write(content)","If the content type is not handled correctly, it could lead to runtime errors or unexpected behavior in the application.",70,True
records.py,__init__,30,Bug,High,"The constructor asserts that the lengths of keys and values match, but does not provide a way to handle the assertion failure gracefully, which could lead to crashes.","Instead of using an assert statement, raise a ValueError with a descriptive message if the lengths do not match, allowing for better error handling.",assert len(self._keys) == len(self._values),"The application may crash unexpectedly if the lengths of keys and values do not match, leading to a poor user experience.",85,False
records.py,query,374,Security,High,The use of `text(query).bindparams(**params)` can lead to SQL injection if `query` is constructed from user input without proper validation or sanitization. This is especially critical if `params` are also derived from user input.,"Ensure that `query` is a safe, pre-defined SQL statement or use parameterized queries properly to avoid SQL injection risks.",text(query).bindparams(**params),"An attacker could manipulate the SQL query to execute arbitrary commands on the database, leading to data breaches or loss.",85,False
records.py,query_file,405,Security,Medium,"The method does not validate the contents of the SQL file being read. If an attacker can control the file path, they could potentially execute harmful SQL commands.",Implement validation to ensure that the SQL file contains only safe and expected SQL commands before executing it.,query = f.read(),"An attacker could execute arbitrary SQL commands by providing a malicious SQL file, compromising the database.",75,True
records.py,bulk_query_file,423,Security,Medium,"Similar to `query_file`, this method does not validate the contents of the SQL file being read, which could lead to executing harmful SQL commands.",Implement validation to ensure that the SQL file contains only safe and expected SQL commands before executing it.,query = f.read(),"An attacker could execute arbitrary SQL commands by providing a malicious SQL file, compromising the database.",75,True
setup.py,run,33,Security,High,The use of `os.system` to execute shell commands can lead to command injection vulnerabilities if any part of the command is derived from user input or untrusted sources.,"Use the `subprocess` module with a list of arguments to avoid shell injection vulnerabilities, or ensure all inputs are sanitized and validated.","os.system(""{} setup.py sdist bdist_wheel --universal"".format(sys.executable))","An attacker could execute arbitrary commands on the server, leading to a complete system compromise.",80,False
setup.py,run,33,Security,High,"The command to upload the package to PyPi via Twine is executed using `os.system`, which can also lead to command injection vulnerabilities.","Use the `subprocess` module with a list of arguments to avoid shell injection vulnerabilities, or ensure all inputs are sanitized and validated.","os.system(""twine upload dist/*"")","An attacker could execute arbitrary commands on the server, leading to a complete system compromise.",80,False
tests/conftest.py,db,19,Maintainability,Medium,"The fixture does not handle exceptions that may occur during the instantiation of `records.Database`, which could lead to unhandled exceptions during tests.",Wrap the instantiation of `records.Database` in a try-except block to handle potential exceptions and provide meaningful error messages.,db = records.Database(url),"If the database connection fails, it could lead to misleading test results or crashes during test execution.",70,True
tests/test_records.py,test_record_dir,134,Maintainability,Medium,The test function `test_record_dir` contains duplicated logic that checks for keys in the directory of the `record` object and the `object` class. This could lead to confusion and maintenance difficulties if the logic needs to change in the future.,"Consider refactoring the test to focus on the specific keys relevant to the `record` object, or create a helper function to encapsulate the key-checking logic.","for key in dir(object):
    assert key in _dir","If the test logic changes, it may lead to false positives or negatives in the test results, making it harder to maintain the test suite.",85,False
tests/test_records.py,test_record_duplicate_column,143,Bug,High,"The test function `test_record_duplicate_column` is designed to check for a duplicate column, but the way it is structured may not accurately reflect the intended behavior of the `records.Record` class. If the class does not handle duplicate keys correctly, this test may pass incorrectly, leading to undetected bugs.","Ensure that the `records.Record` class is implemented to handle duplicate keys appropriately, and adjust the test to verify the expected behavior when duplicates are present.","with raises(KeyError):
    record['email']","If the `records.Record` class does not handle duplicate columns correctly, it could lead to data integrity issues and unexpected behavior in the application.",80,False
tests/test_records.py,Cheese,77,Maintainability,Low,"The class `Cheese` is defined multiple times in the test file, which can lead to confusion and potential conflicts. Each definition is identical, which suggests that it should be defined once and reused.",Define the `Cheese` class only once at the top of the test file and reference it in all relevant tests to improve clarity and maintainability.,class Cheese(Exception): pass,"Multiple definitions of the same class can lead to confusion and maintenance challenges, making it harder to understand the test code.",90,False
